{
    "Accuracy": 0.9994666666666666,
    "Precision": 0.875,
    "Recall": 0.7608695652173914,
    "F1 Score": 0.813953488372093,
    "Matthews Corrcoef": 0.8156810133744019
}