{
    "Accuracy": 0.99934375,
    "Precision": 0.9661016949152542,
    "Recall": 0.75,
    "F1 Score": 0.8444444444444444,
    "Matthews Corrcoef": 0.8509228215815455
}