{
    "Accuracy": 0.999375,
    "Precision": 0.9827586206896551,
    "Recall": 0.75,
    "F1 Score": 0.8507462686567164,
    "Matthews Corrcoef": 0.8582494268776025
}