{
    "Accuracy": 0.9994333333333333,
    "Precision": 0.8536585365853658,
    "Recall": 0.7608695652173914,
    "F1 Score": 0.8045977011494253,
    "Matthews Corrcoef": 0.8056503658008787
}