{
    "Accuracy": 0.9995,
    "Precision": 0.8780487804878049,
    "Recall": 0.782608695652174,
    "F1 Score": 0.8275862068965517,
    "Matthews Corrcoef": 0.8287103678369419
}