{
    "Accuracy": 0.99934375,
    "Precision": 0.9824561403508771,
    "Recall": 0.7368421052631579,
    "F1 Score": 0.8421052631578947,
    "Matthews Corrcoef": 0.8505427369984525
}