{
    "Accuracy": 0.99940625,
    "Precision": 0.9830508474576272,
    "Recall": 0.7631578947368421,
    "F1 Score": 0.8592592592592593,
    "Matthews Corrcoef": 0.8658880817334812
}