{
    "Accuracy": 0.9995666666666667,
    "Precision": 0.9230769230769231,
    "Recall": 0.782608695652174,
    "F1 Score": 0.8470588235294118,
    "Matthews Corrcoef": 0.8497378428660268
}