{
    "Accuracy": 0.9995666666666667,
    "Precision": 0.9024390243902439,
    "Recall": 0.8043478260869565,
    "F1 Score": 0.8505747126436781,
    "Matthews Corrcoef": 0.8517703698730051
}