{
    "Accuracy": 0.9995,
    "Precision": 0.8974358974358975,
    "Recall": 0.7608695652173914,
    "F1 Score": 0.8235294117647058,
    "Matthews Corrcoef": 0.8260947400767817
}