{
    "Accuracy": 0.99940625,
    "Precision": 0.9672131147540983,
    "Recall": 0.7763157894736842,
    "F1 Score": 0.8613138686131386,
    "Matthews Corrcoef": 0.8662499904457045
}