{
    "Accuracy": 0.9994375,
    "Precision": 0.9833333333333333,
    "Recall": 0.7763157894736842,
    "F1 Score": 0.8676470588235294,
    "Matthews Corrcoef": 0.8734604826971432
}