{
    "Accuracy": 0.9994333333333333,
    "Precision": 0.9565217391304348,
    "Recall": 0.7457627118644068,
    "F1 Score": 0.8380952380952381,
    "Matthews Corrcoef": 0.8443346089213724
}