{
    "Accuracy": 0.9995333333333334,
    "Precision": 0.9,
    "Recall": 0.782608695652174,
    "F1 Score": 0.8372093023255814,
    "Matthews Corrcoef": 0.8390270964163346
}