{
    "Accuracy": 0.999375,
    "Precision": 0.9666666666666667,
    "Recall": 0.7631578947368421,
    "F1 Score": 0.8529411764705882,
    "Matthews Corrcoef": 0.8586202247402618
}