{
    "Accuracy": 0.9993125,
    "Precision": 0.95,
    "Recall": 0.75,
    "F1 Score": 0.8382352941176471,
    "Matthews Corrcoef": 0.8437799667833805
}