{
    "Accuracy": 0.9994666666666666,
    "Precision": 0.8571428571428571,
    "Recall": 0.782608695652174,
    "F1 Score": 0.8181818181818182,
    "Matthews Corrcoef": 0.8187640643994671
}