{
    "Accuracy": 0.9993125,
    "Precision": 0.9655172413793104,
    "Recall": 0.7368421052631579,
    "F1 Score": 0.835820895522388,
    "Matthews Corrcoef": 0.8431559434702874
}